id,first_name,last_name,email,gender,ip_address
1,Norri,Gerling,ngerling0@europa.eu,Female,49.37.113.116
2,Alvan,Narbett,anarbett1@yahoo.co.jp,Male,23.115.129.83
3,Fayina,Bevis,fbevis2@vinaora.com,Female,57.255.14.39
4,Theresina,Sellner,tsellner3@naver.com,Female,147.209.58.192
5,Saul,Matelyunas,smatelyunas4@nifty.com,Male,241.245.36.57
6,Rickey,Pottinger,rpottinger5@webs.com,Male,235.157.255.216
7,Godfrey,Peebles,gpeebles6@ow.ly,Male,242.127.83.27
8,Kale,Arcase,karcase7@who.int,Male,73.225.244.8
9,Leanora,Halpen,lhalpen8@nyu.edu,Female,23.9.33.15
10,Flora,Wilby,fwilby9@reference.com,Female,128.133.45.151
11,Patrick,McMickan,pmcmickana@blogspot.com,Male,140.221.139.13
12,Josee,Cluett,jcluettb@huffingtonpost.com,Female,169.213.3.8
13,Antoni,Carbry,acarbryc@time.com,Male,206.132.217.42
14,Gerik,Macbeth,gmacbethd@berkeley.edu,Male,97.159.240.115
15,Sada,Boutell,sboutelle@wordpress.org,Female,43.115.48.107
16,Katusha,Canedo,kcanedof@goo.gl,Female,127.176.74.169
17,Helaine,Aimable,haimableg@webnode.com,Female,78.84.11.118
18,Jaclyn,Gateman,jgatemanh@wsj.com,Female,169.205.86.105
19,Mina,Houchen,mhoucheni@artisteer.com,Female,66.90.254.198
20,Matty,Oag,moagj@huffingtonpost.com,Male,215.172.0.10
21,Karena,Vittet,kvittetk@hibu.com,Female,93.101.209.141
22,Ellwood,Arbon,earbonl@4shared.com,Male,62.98.50.103
23,Victoir,Fetter,vfetterm@miibeian.gov.cn,Male,246.236.64.20
24,Gwenneth,O'Mullally,gomullallyn@wisc.edu,Female,141.143.177.51
25,Cedric,Corson,ccorsono@spotify.com,Male,13.249.19.226
26,Ninnette,Zupo,nzupop@kickstarter.com,Female,86.173.44.131
27,Udall,Earp,uearpq@ed.gov,Male,99.122.148.54
28,Hortensia,Trowle,htrowler@army.mil,Female,67.217.28.94
29,Bradley,Van der Hoven,bvanderhovens@opera.com,Male,90.181.114.120
30,Daniel,Kubczak,dkubczakt@unblog.fr,Male,68.182.161.98
31,Frederique,Borghese,fborgheseu@google.cn,Female,44.6.228.243
32,Kim,Usher,kusherv@stumbleupon.com,Male,188.184.180.229
33,Adolph,Stearnes,astearnesw@ocn.ne.jp,Male,18.37.19.191
34,Marcile,Padilla,mpadillax@addthis.com,Female,191.80.5.229
35,Lauri,Lengthorn,llengthorny@purevolume.com,Female,31.31.7.179
36,Cindee,Klampt,cklamptz@sitemeter.com,Female,5.250.28.139
37,Jeanine,Thelwll,jthelwll10@ebay.co.uk,Female,90.194.8.195
38,Murdock,Joffe,mjoffe11@wix.com,Male,48.248.192.199
39,Nikolos,Elcoat,nelcoat12@cmu.edu,Male,146.151.199.215
40,Deena,Crannach,dcrannach13@auda.org.au,Female,122.112.170.131
41,Iorgos,Simanek,isimanek14@psu.edu,Male,112.207.235.125
42,Hedy,Geddes,hgeddes15@springer.com,Female,166.191.248.103
43,Mallory,Westmorland,mwestmorland16@linkedin.com,Female,170.166.153.162
44,Emlyn,Line,eline17@mail.ru,Male,181.132.252.65
45,Karry,Deverson,kdeverson18@narod.ru,Female,104.56.224.168
46,Rollins,MacCarter,rmaccarter19@trellian.com,Male,139.34.20.144
47,Heinrik,Loxston,hloxston1a@cyberchimps.com,Male,9.243.168.219
48,Gweneth,McKniely,gmckniely1b@usnews.com,Female,25.77.182.231
49,Rolf,Edes,redes1c@marketwatch.com,Male,96.25.20.151
50,Barnaby,Brownsworth,bbrownsworth1d@bandcamp.com,Male,103.231.36.199
